train_loss,epoch,created_at
0.6865323185920715,0,2020-02-04 15:09:50.089712
