train_loss,epoch,created_at
0.06619851291179657,0,2020-02-06 13:19:32.094021
